country,iso3,year,births
Argentina,ARG,1950,443092
Argentina,ARG,1951,450310
Argentina,ARG,1952,456457
Argentina,ARG,1953,461876
Argentina,ARG,1954,465811
Argentina,ARG,1955,470534
Argentina,ARG,1956,476402
Argentina,ARG,1957,479273
Argentina,ARG,1958,477922
Argentina,ARG,1959,488560
Argentina,ARG,1960,492363
Argentina,ARG,1961,494461
Argentina,ARG,1962,500531
Argentina,ARG,1963,503504
Argentina,ARG,1964,504485
Argentina,ARG,1965,500004
Argentina,ARG,1966,501007
Argentina,ARG,1967,511715
Argentina,ARG,1968,525320
Argentina,ARG,1969,541333
Argentina,ARG,1970,557684
Argentina,ARG,1971,571733
Argentina,ARG,1972,587110
Argentina,ARG,1973,604141
Argentina,ARG,1974,623622
Argentina,ARG,1975,644972
Argentina,ARG,1976,663228
Argentina,ARG,1977,680351
Argentina,ARG,1978,688694
Argentina,ARG,1979,692524
Argentina,ARG,1980,692446
Argentina,ARG,1981,690240
Argentina,ARG,1982,687567
Argentina,ARG,1983,683884
Argentina,ARG,1984,686243
Argentina,ARG,1985,683974
Argentina,ARG,1986,690120
Argentina,ARG,1987,694917
Argentina,ARG,1988,706153
Argentina,ARG,1989,710333
Argentina,ARG,1990,723193
Argentina,ARG,1991,728216
Argentina,ARG,1992,732042
Argentina,ARG,1993,737559
Argentina,ARG,1994,741217
Argentina,ARG,1995,734845
Argentina,ARG,1996,725246
Argentina,ARG,1997,717421
Argentina,ARG,1998,716801
Argentina,ARG,1999,722777
Argentina,ARG,2000,719276
Argentina,ARG,2001,712599
Argentina,ARG,2002,711232
Argentina,ARG,2003,707388
Argentina,ARG,2004,710123
Argentina,ARG,2005,717902
Argentina,ARG,2006,719581
Argentina,ARG,2007,718989
Argentina,ARG,2008,746330
Argentina,ARG,2009,744841
Argentina,ARG,2010,756144
Argentina,ARG,2011,758343
Argentina,ARG,2012,736973
Argentina,ARG,2013,752967
Argentina,ARG,2014,775263
Argentina,ARG,2015,768023
Argentina,ARG,2016,737028
Argentina,ARG,2017,715490
Argentina,ARG,2018,684660
Argentina,ARG,2019,625199
Argentina,ARG,2020,533228
Argentina,ARG,2021,529339
Argentina,ARG,2022,496115
Argentina,ARG,2023,503823
Argentina,ARG,2024,506609
Bolivia,BOL,1950,133003
Bolivia,BOL,1951,135052
Bolivia,BOL,1952,137098
Bolivia,BOL,1953,139879
Bolivia,BOL,1954,142665
Bolivia,BOL,1955,145964
Bolivia,BOL,1956,148900
Bolivia,BOL,1957,152345
Bolivia,BOL,1958,155665
Bolivia,BOL,1959,159122
Bolivia,BOL,1960,162555
Bolivia,BOL,1961,165793
Bolivia,BOL,1962,169175
Bolivia,BOL,1963,172614
Bolivia,BOL,1964,175835
Bolivia,BOL,1965,179011
Bolivia,BOL,1966,182493
Bolivia,BOL,1967,186307
Bolivia,BOL,1968,189929
Bolivia,BOL,1969,193057
Bolivia,BOL,1970,195854
Bolivia,BOL,1971,199000
Bolivia,BOL,1972,201383
Bolivia,BOL,1973,204985
Bolivia,BOL,1974,208263
Bolivia,BOL,1975,211193
Bolivia,BOL,1976,216572
Bolivia,BOL,1977,219948
Bolivia,BOL,1978,223022
Bolivia,BOL,1979,225676
Bolivia,BOL,1980,228742
Bolivia,BOL,1981,231537
Bolivia,BOL,1982,233737
Bolivia,BOL,1983,236263
Bolivia,BOL,1984,239306
Bolivia,BOL,1985,241067
Bolivia,BOL,1986,244777
Bolivia,BOL,1987,248353
Bolivia,BOL,1988,252124
Bolivia,BOL,1989,254681
Bolivia,BOL,1990,257156
Bolivia,BOL,1991,259835
Bolivia,BOL,1992,258735
Bolivia,BOL,1993,258322
Bolivia,BOL,1994,258096
Bolivia,BOL,1995,257959
Bolivia,BOL,1996,258839
Bolivia,BOL,1997,256870
Bolivia,BOL,1998,257433
Bolivia,BOL,1999,258636
Bolivia,BOL,2000,256865
Bolivia,BOL,2001,254876
Bolivia,BOL,2002,253925
Bolivia,BOL,2003,254642
Bolivia,BOL,2004,254854
Bolivia,BOL,2005,255846
Bolivia,BOL,2006,260345
Bolivia,BOL,2007,260302
Bolivia,BOL,2008,260466
Bolivia,BOL,2009,260589
Bolivia,BOL,2010,260864
Bolivia,BOL,2011,261007
Bolivia,BOL,2012,261112
Bolivia,BOL,2013,261055
Bolivia,BOL,2014,260816
Bolivia,BOL,2015,260533
Bolivia,BOL,2016,260185
Bolivia,BOL,2017,259921
Bolivia,BOL,2018,259789
Bolivia,BOL,2019,259767
Bolivia,BOL,2020,259912
Bolivia,BOL,2021,260326
Bolivia,BOL,2022,260457
Bolivia,BOL,2023,260151
Bolivia,BOL,2024,261003
Brazil,BRA,1950,2476917
Brazil,BRA,1951,2551063
Brazil,BRA,1952,2622122
Brazil,BRA,1953,2693194
Brazil,BRA,1954,2764262
Brazil,BRA,1955,2835923
Brazil,BRA,1956,2907347
Brazil,BRA,1957,2978676
Brazil,BRA,1958,3048945
Brazil,BRA,1959,3116445
Brazil,BRA,1960,3174191
Brazil,BRA,1961,3229848
Brazil,BRA,1962,3282008
Brazil,BRA,1963,3326023
Brazil,BRA,1964,3341148
Brazil,BRA,1965,3339611
Brazil,BRA,1966,3328213
Brazil,BRA,1967,3308677
Brazil,BRA,1968,3297984
Brazil,BRA,1969,3320326
Brazil,BRA,1970,3360206
Brazil,BRA,1971,3408619
Brazil,BRA,1972,3459178
Brazil,BRA,1973,3511293
Brazil,BRA,1974,3539644
Brazil,BRA,1975,3603503
Brazil,BRA,1976,3672318
Brazil,BRA,1977,3744409
Brazil,BRA,1978,3812431
Brazil,BRA,1979,3875118
Brazil,BRA,1980,3929237
Brazil,BRA,1981,3972186
Brazil,BRA,1982,3993366
Brazil,BRA,1983,3997588
Brazil,BRA,1984,3975419
Brazil,BRA,1985,3954827
Brazil,BRA,1986,3920909
Brazil,BRA,1987,3863816
Brazil,BRA,1988,3805480
Brazil,BRA,1989,3756979
Brazil,BRA,1990,3693601
Brazil,BRA,1991,3649867
Brazil,BRA,1992,3594913
Brazil,BRA,1993,3598469
Brazil,BRA,1994,3587423
Brazil,BRA,1995,3603870
Brazil,BRA,1996,3591408
Brazil,BRA,1997,3597299
Brazil,BRA,1998,3589766
Brazil,BRA,1999,3532491
Brazil,BRA,2000,3459239
Brazil,BRA,2001,3382286
Brazil,BRA,2002,3300495
Brazil,BRA,2003,3218588
Brazil,BRA,2004,3196886
Brazil,BRA,2005,3172258
Brazil,BRA,2006,3115423
Brazil,BRA,2007,3062690
Brazil,BRA,2008,3008005
Brazil,BRA,2009,2989532
Brazil,BRA,2010,2970979
Brazil,BRA,2011,2956872
Brazil,BRA,2012,2940339
Brazil,BRA,2013,2934515
Brazil,BRA,2014,2957978
Brazil,BRA,2015,2961442
Brazil,BRA,2016,2874734
Brazil,BRA,2017,2891049
Brazil,BRA,2018,2889976
Brazil,BRA,2019,2810666
Brazil,BRA,2020,2711546
Brazil,BRA,2021,2672684
Brazil,BRA,2022,2640391
Brazil,BRA,2023,2601670
Brazil,BRA,2024,2572100
Chile,CHL,1950,248632
Chile,CHL,1951,252117
Chile,CHL,1952,255854
Chile,CHL,1953,260706
Chile,CHL,1954,264944
Chile,CHL,1955,270148
Chile,CHL,1956,275792
Chile,CHL,1957,279122
Chile,CHL,1958,282223
Chile,CHL,1959,285282
Chile,CHL,1960,287886
Chile,CHL,1961,289637
Chile,CHL,1962,291317
Chile,CHL,1963,292219
Chile,CHL,1964,292296
Chile,CHL,1965,291711
Chile,CHL,1966,290635
Chile,CHL,1967,289112
Chile,CHL,1968,287197
Chile,CHL,1969,285125
Chile,CHL,1970,283255
Chile,CHL,1971,281040
Chile,CHL,1972,279156
Chile,CHL,1973,276932
Chile,CHL,1974,274131
Chile,CHL,1975,271934
Chile,CHL,1976,270229
Chile,CHL,1977,269120
Chile,CHL,1978,268220
Chile,CHL,1979,267055
Chile,CHL,1980,267387
Chile,CHL,1981,268040
Chile,CHL,1982,269251
Chile,CHL,1983,271651
Chile,CHL,1984,275075
Chile,CHL,1985,278878
Chile,CHL,1986,283421
Chile,CHL,1987,287854
Chile,CHL,1988,291901
Chile,CHL,1989,295348
Chile,CHL,1990,297445
Chile,CHL,1991,297949
Chile,CHL,1992,291098
Chile,CHL,1993,287876
Chile,CHL,1994,283791
Chile,CHL,1995,282898
Chile,CHL,1996,276311
Chile,CHL,1997,267915
Chile,CHL,1998,262804
Chile,CHL,1999,255147
Chile,CHL,2000,253044
Chile,CHL,2001,249600
Chile,CHL,2002,241810
Chile,CHL,2003,236992
Chile,CHL,2004,233333
Chile,CHL,2005,232635
Chile,CHL,2006,231044
Chile,CHL,2007,236641
Chile,CHL,2008,241683
Chile,CHL,2009,244308
Chile,CHL,2010,244494
Chile,CHL,2011,243213
Chile,CHL,2012,241335
Chile,CHL,2013,240927
Chile,CHL,2014,240683
Chile,CHL,2015,237273
Chile,CHL,2016,231728
Chile,CHL,2017,218305
Chile,CHL,2018,221012
Chile,CHL,2019,210016
Chile,CHL,2020,195578
Chile,CHL,2021,176463
Chile,CHL,2022,189124
Chile,CHL,2023,176196
Chile,CHL,2024,172406
Colombia,COL,1950,546443
Colombia,COL,1951,561452
Colombia,COL,1952,579014
Colombia,COL,1953,596461
Colombia,COL,1954,613393
Colombia,COL,1955,630672
Colombia,COL,1956,648098
Colombia,COL,1957,665725
Colombia,COL,1958,683320
Colombia,COL,1959,699430
Colombia,COL,1960,716027
Colombia,COL,1961,731639
Colombia,COL,1962,745610
Colombia,COL,1963,757059
Colombia,COL,1964,765580
Colombia,COL,1965,770927
Colombia,COL,1966,772959
Colombia,COL,1967,772510
Colombia,COL,1968,768842
Colombia,COL,1969,763910
Colombia,COL,1970,758900
Colombia,COL,1971,754674
Colombia,COL,1972,751555
Colombia,COL,1973,752258
Colombia,COL,1974,755973
Colombia,COL,1975,764076
Colombia,COL,1976,775696
Colombia,COL,1977,784696
Colombia,COL,1978,786622
Colombia,COL,1979,797083
Colombia,COL,1980,810658
Colombia,COL,1981,822984
Colombia,COL,1982,834567
Colombia,COL,1983,836055
Colombia,COL,1984,829996
Colombia,COL,1985,827117
Colombia,COL,1986,832411
Colombia,COL,1987,838889
Colombia,COL,1988,847096
Colombia,COL,1989,859456
Colombia,COL,1990,872601
Colombia,COL,1991,885561
Colombia,COL,1992,898960
Colombia,COL,1993,912234
Colombia,COL,1994,912584
Colombia,COL,1995,898932
Colombia,COL,1996,886239
Colombia,COL,1997,889567
Colombia,COL,1998,893004
Colombia,COL,1999,880066
Colombia,COL,2000,870048
Colombia,COL,2001,862583
Colombia,COL,2002,861020
Colombia,COL,2003,856735
Colombia,COL,2004,842400
Colombia,COL,2005,824839
Colombia,COL,2006,809616
Colombia,COL,2007,802116
Colombia,COL,2008,796007
Colombia,COL,2009,781638
Colombia,COL,2010,758100
Colombia,COL,2011,738679
Colombia,COL,2012,730825
Colombia,COL,2013,721365
Colombia,COL,2014,710473
Colombia,COL,2015,693457
Colombia,COL,2016,677004
Colombia,COL,2017,682368
Colombia,COL,2018,695926
Colombia,COL,2019,709573
Colombia,COL,2020,714207
Colombia,COL,2021,713944
Colombia,COL,2022,710397
Colombia,COL,2023,705009
Colombia,COL,2024,700784
Costa Rica,CRI,1950,41602
Costa Rica,CRI,1951,43418
Costa Rica,CRI,1952,45209
Costa Rica,CRI,1953,46998
Costa Rica,CRI,1954,48718
Costa Rica,CRI,1955,50495
Costa Rica,CRI,1956,52337
Costa Rica,CRI,1957,54506
Costa Rica,CRI,1958,56669
Costa Rica,CRI,1959,58642
Costa Rica,CRI,1960,60357
Costa Rica,CRI,1961,61742
Costa Rica,CRI,1962,62732
Costa Rica,CRI,1963,63302
Costa Rica,CRI,1964,63473
Costa Rica,CRI,1965,63287
Costa Rica,CRI,1966,62794
Costa Rica,CRI,1967,62100
Costa Rica,CRI,1968,60229
Costa Rica,CRI,1969,60432
Costa Rica,CRI,1970,59934
Costa Rica,CRI,1971,59646
Costa Rica,CRI,1972,59513
Costa Rica,CRI,1973,59784
Costa Rica,CRI,1974,60970
Costa Rica,CRI,1975,62334
Costa Rica,CRI,1976,64204
Costa Rica,CRI,1977,66235
Costa Rica,CRI,1978,68408
Costa Rica,CRI,1979,71047
Costa Rica,CRI,1980,72588
Costa Rica,CRI,1981,74720
Costa Rica,CRI,1982,76968
Costa Rica,CRI,1983,79196
Costa Rica,CRI,1984,81415
Costa Rica,CRI,1985,83400
Costa Rica,CRI,1986,84083
Costa Rica,CRI,1987,84209
Costa Rica,CRI,1988,84077
Costa Rica,CRI,1989,83594
Costa Rica,CRI,1990,83202
Costa Rica,CRI,1991,82301
Costa Rica,CRI,1992,81968
Costa Rica,CRI,1993,81741
Costa Rica,CRI,1994,81578
Costa Rica,CRI,1995,81227
Costa Rica,CRI,1996,80302
Costa Rica,CRI,1997,79517
Costa Rica,CRI,1998,79593
Costa Rica,CRI,1999,80086
Costa Rica,CRI,2000,79689
Costa Rica,CRI,2001,77805
Costa Rica,CRI,2002,74128
Costa Rica,CRI,2003,72726
Costa Rica,CRI,2004,71973
Costa Rica,CRI,2005,73520
Costa Rica,CRI,2006,70996
Costa Rica,CRI,2007,72729
Costa Rica,CRI,2008,74620
Costa Rica,CRI,2009,74359
Costa Rica,CRI,2010,70192
Costa Rica,CRI,2011,72648
Costa Rica,CRI,2012,72108
Costa Rica,CRI,2013,69655
Costa Rica,CRI,2014,70781
Costa Rica,CRI,2015,70846
Costa Rica,CRI,2016,69035
Costa Rica,CRI,2017,67859
Costa Rica,CRI,2018,67536
Costa Rica,CRI,2019,63301
Costa Rica,CRI,2020,57220
Costa Rica,CRI,2021,53349
Costa Rica,CRI,2022,52440
Costa Rica,CRI,2023,51969
Costa Rica,CRI,2024,51253
Cuba,CUB,1950,189922
Cuba,CUB,1951,189537
Cuba,CUB,1952,192595
Cuba,CUB,1953,196228
Cuba,CUB,1954,200076
Cuba,CUB,1955,203589
Cuba,CUB,1956,207496
Cuba,CUB,1957,211611
Cuba,CUB,1958,216583
Cuba,CUB,1959,226134
Cuba,CUB,1960,237331
Cuba,CUB,1961,248708
Cuba,CUB,1962,261076
Cuba,CUB,1963,272383
Cuba,CUB,1964,274215
Cuba,CUB,1965,276269
Cuba,CUB,1966,273659
Cuba,CUB,1967,271186
Cuba,CUB,1968,268951
Cuba,CUB,1969,268725
Cuba,CUB,1970,263853
Cuba,CUB,1971,256344
Cuba,CUB,1972,248481
Cuba,CUB,1973,238407
Cuba,CUB,1974,225746
Cuba,CUB,1975,205205
Cuba,CUB,1976,185397
Cuba,CUB,1977,166837
Cuba,CUB,1978,146966
Cuba,CUB,1979,142218
Cuba,CUB,1980,136181
Cuba,CUB,1981,136877
Cuba,CUB,1982,157879
Cuba,CUB,1983,164835
Cuba,CUB,1984,166484
Cuba,CUB,1985,170076
Cuba,CUB,1986,174087
Cuba,CUB,1987,179208
Cuba,CUB,1988,187454
Cuba,CUB,1989,187992
Cuba,CUB,1990,186612
Cuba,CUB,1991,172248
Cuba,CUB,1992,161714
Cuba,CUB,1993,153222
Cuba,CUB,1994,148651
Cuba,CUB,1995,147364
Cuba,CUB,1996,142228
Cuba,CUB,1997,151695
Cuba,CUB,1998,150894
Cuba,CUB,1999,149197
Cuba,CUB,2000,142835
Cuba,CUB,2001,138456
Cuba,CUB,2002,140095
Cuba,CUB,2003,135794
Cuba,CUB,2004,126573
Cuba,CUB,2005,119602
Cuba,CUB,2006,111368
Cuba,CUB,2007,113109
Cuba,CUB,2008,123199
Cuba,CUB,2009,130300
Cuba,CUB,2010,129104
Cuba,CUB,2011,133028
Cuba,CUB,2012,127055
Cuba,CUB,2013,126047
Cuba,CUB,2014,122707
Cuba,CUB,2015,123326
Cuba,CUB,2016,116026
Cuba,CUB,2017,113772
Cuba,CUB,2018,114199
Cuba,CUB,2019,108309
Cuba,CUB,2020,103465
Cuba,CUB,2021,98036
Cuba,CUB,2022,95802
Cuba,CUB,2023,95938
Cuba,CUB,2024,94650
Dominican Republic,DOM,1950,126330
Dominican Republic,DOM,1951,130900
Dominican Republic,DOM,1952,136009
Dominican Republic,DOM,1953,141149
Dominican Republic,DOM,1954,146153
Dominican Republic,DOM,1955,150990
Dominican Republic,DOM,1956,155533
Dominican Republic,DOM,1957,159748
Dominican Republic,DOM,1958,163568
Dominican Republic,DOM,1959,167035
Dominican Republic,DOM,1960,170015
Dominican Republic,DOM,1961,172568
Dominican Republic,DOM,1962,174679
Dominican Republic,DOM,1963,176459
Dominican Republic,DOM,1964,177900
Dominican Republic,DOM,1965,179049
Dominican Republic,DOM,1966,181328
Dominican Republic,DOM,1967,181597
Dominican Republic,DOM,1968,181450
Dominican Republic,DOM,1969,182557
Dominican Republic,DOM,1970,184362
Dominican Republic,DOM,1971,186433
Dominican Republic,DOM,1972,188751
Dominican Republic,DOM,1973,191364
Dominican Republic,DOM,1974,192308
Dominican Republic,DOM,1975,193626
Dominican Republic,DOM,1976,195183
Dominican Republic,DOM,1977,196563
Dominican Republic,DOM,1978,197636
Dominican Republic,DOM,1979,199846
Dominican Republic,DOM,1980,201307
Dominican Republic,DOM,1981,202014
Dominican Republic,DOM,1982,203109
Dominican Republic,DOM,1983,206672
Dominican Republic,DOM,1984,207592
Dominican Republic,DOM,1985,207169
Dominican Republic,DOM,1986,208664
Dominican Republic,DOM,1987,210540
Dominican Republic,DOM,1988,214394
Dominican Republic,DOM,1989,218646
Dominican Republic,DOM,1990,220101
Dominican Republic,DOM,1991,220734
Dominican Republic,DOM,1992,220947
Dominican Republic,DOM,1993,221375
Dominican Republic,DOM,1994,220860
Dominican Republic,DOM,1995,219900
Dominican Republic,DOM,1996,219032
Dominican Republic,DOM,1997,213860
Dominican Republic,DOM,1998,210618
Dominican Republic,DOM,1999,214538
Dominican Republic,DOM,2000,219389
Dominican Republic,DOM,2001,218606
Dominican Republic,DOM,2002,215858
Dominican Republic,DOM,2003,213179
Dominican Republic,DOM,2004,210347
Dominican Republic,DOM,2005,207235
Dominican Republic,DOM,2006,204201
Dominican Republic,DOM,2007,206408
Dominican Republic,DOM,2008,211761
Dominican Republic,DOM,2009,216627
Dominican Republic,DOM,2010,217689
Dominican Republic,DOM,2011,217516
Dominican Republic,DOM,2012,216738
Dominican Republic,DOM,2013,215900
Dominican Republic,DOM,2014,215022
Dominican Republic,DOM,2015,214311
Dominican Republic,DOM,2016,213553
Dominican Republic,DOM,2017,213428
Dominican Republic,DOM,2018,214001
Dominican Republic,DOM,2019,211667
Dominican Republic,DOM,2020,208680
Dominican Republic,DOM,2021,206574
Dominican Republic,DOM,2022,205012
Dominican Republic,DOM,2023,203183
Dominican Republic,DOM,2024,201350
Ecuador,ECU,1950,158389
Ecuador,ECU,1951,162119
Ecuador,ECU,1952,166126
Ecuador,ECU,1953,170164
Ecuador,ECU,1954,174233
Ecuador,ECU,1955,178354
Ecuador,ECU,1956,182551
Ecuador,ECU,1957,186852
Ecuador,ECU,1958,191286
Ecuador,ECU,1959,195883
Ecuador,ECU,1960,200665
Ecuador,ECU,1961,205633
Ecuador,ECU,1962,210842
Ecuador,ECU,1963,216219
Ecuador,ECU,1964,221748
Ecuador,ECU,1965,227353
Ecuador,ECU,1966,232931
Ecuador,ECU,1967,238491
Ecuador,ECU,1968,243871
Ecuador,ECU,1969,248963
Ecuador,ECU,1970,253752
Ecuador,ECU,1971,258074
Ecuador,ECU,1972,262054
Ecuador,ECU,1973,265640
Ecuador,ECU,1974,268919
Ecuador,ECU,1975,272026
Ecuador,ECU,1976,275043
Ecuador,ECU,1977,278046
Ecuador,ECU,1978,280890
Ecuador,ECU,1979,284022
Ecuador,ECU,1980,287407
Ecuador,ECU,1981,290755
Ecuador,ECU,1982,293754
Ecuador,ECU,1983,297290
Ecuador,ECU,1984,301750
Ecuador,ECU,1985,301182
Ecuador,ECU,1986,301005
Ecuador,ECU,1987,300995
Ecuador,ECU,1988,304024
Ecuador,ECU,1989,309376
Ecuador,ECU,1990,313412
Ecuador,ECU,1991,317924
Ecuador,ECU,1992,320167
Ecuador,ECU,1993,320250
Ecuador,ECU,1994,320475
Ecuador,ECU,1995,323244
Ecuador,ECU,1996,326669
Ecuador,ECU,1997,326142
Ecuador,ECU,1998,326124
Ecuador,ECU,1999,325979
Ecuador,ECU,2000,325418
Ecuador,ECU,2001,324599
Ecuador,ECU,2002,323935
Ecuador,ECU,2003,323349
Ecuador,ECU,2004,322931
Ecuador,ECU,2005,322850
Ecuador,ECU,2006,323530
Ecuador,ECU,2007,323895
Ecuador,ECU,2008,327954
Ecuador,ECU,2009,332509
Ecuador,ECU,2010,329979
Ecuador,ECU,2011,333805
Ecuador,ECU,2012,326145
Ecuador,ECU,2013,310704
Ecuador,ECU,2014,303002
Ecuador,ECU,2015,298607
Ecuador,ECU,2016,290846
Ecuador,ECU,2017,296263
Ecuador,ECU,2018,298755
Ecuador,ECU,2019,293458
Ecuador,ECU,2020,287589
Ecuador,ECU,2021,280840
Ecuador,ECU,2022,274903
Ecuador,ECU,2023,270300
Ecuador,ECU,2024,268769
El Salvador,SLV,1950,102496
El Salvador,SLV,1951,105101
El Salvador,SLV,1952,108047
El Salvador,SLV,1953,110833
El Salvador,SLV,1954,113648
El Salvador,SLV,1955,116608
El Salvador,SLV,1956,119485
El Salvador,SLV,1957,122612
El Salvador,SLV,1958,125555
El Salvador,SLV,1959,128158
El Salvador,SLV,1960,131250
El Salvador,SLV,1961,134818
El Salvador,SLV,1962,138971
El Salvador,SLV,1963,142411
El Salvador,SLV,1964,145648
El Salvador,SLV,1965,148126
El Salvador,SLV,1966,150359
El Salvador,SLV,1967,152548
El Salvador,SLV,1968,154178
El Salvador,SLV,1969,155422
El Salvador,SLV,1970,156991
El Salvador,SLV,1971,160946
El Salvador,SLV,1972,163642
El Salvador,SLV,1973,166315
El Salvador,SLV,1974,168877
El Salvador,SLV,1975,171082
El Salvador,SLV,1976,173284
El Salvador,SLV,1977,175384
El Salvador,SLV,1978,177556
El Salvador,SLV,1979,179650
El Salvador,SLV,1980,180866
El Salvador,SLV,1981,180896
El Salvador,SLV,1982,178447
El Salvador,SLV,1983,177407
El Salvador,SLV,1984,175848
El Salvador,SLV,1985,174911
El Salvador,SLV,1986,175334
El Salvador,SLV,1987,179383
El Salvador,SLV,1988,181275
El Salvador,SLV,1989,182182
El Salvador,SLV,1990,182148
El Salvador,SLV,1991,181855
El Salvador,SLV,1992,179945
El Salvador,SLV,1993,177398
El Salvador,SLV,1994,176938
El Salvador,SLV,1995,177404
El Salvador,SLV,1996,175890
El Salvador,SLV,1997,172803
El Salvador,SLV,1998,172835
El Salvador,SLV,1999,167523
El Salvador,SLV,2000,161255
El Salvador,SLV,2001,154131
El Salvador,SLV,2002,146110
El Salvador,SLV,2003,138834
El Salvador,SLV,2004,132491
El Salvador,SLV,2005,128358
El Salvador,SLV,2006,125881
El Salvador,SLV,2007,123595
El Salvador,SLV,2008,120858
El Salvador,SLV,2009,119965
El Salvador,SLV,2010,119481
El Salvador,SLV,2011,119474
El Salvador,SLV,2012,118547
El Salvador,SLV,2013,117772
El Salvador,SLV,2014,117183
El Salvador,SLV,2015,114888
El Salvador,SLV,2016,109938
El Salvador,SLV,2017,106386
El Salvador,SLV,2018,103765
El Salvador,SLV,2019,103104
El Salvador,SLV,2020,101646
El Salvador,SLV,2021,101029
El Salvador,SLV,2022,99985
El Salvador,SLV,2023,99428
El Salvador,SLV,2024,98858
Guatemala,GTM,1950,157067
Guatemala,GTM,1951,162233
Guatemala,GTM,1952,167244
Guatemala,GTM,1953,171661
Guatemala,GTM,1954,175753
Guatemala,GTM,1955,179709
Guatemala,GTM,1956,183599
Guatemala,GTM,1957,187778
Guatemala,GTM,1958,190704
Guatemala,GTM,1959,193823
Guatemala,GTM,1960,197264
Guatemala,GTM,1961,201002
Guatemala,GTM,1962,204338
Guatemala,GTM,1963,208288
Guatemala,GTM,1964,212632
Guatemala,GTM,1965,217185
Guatemala,GTM,1966,222670
Guatemala,GTM,1967,227197
Guatemala,GTM,1968,231972
Guatemala,GTM,1969,237189
Guatemala,GTM,1970,242197
Guatemala,GTM,1971,247467
Guatemala,GTM,1972,252539
Guatemala,GTM,1973,257743
Guatemala,GTM,1974,264035
Guatemala,GTM,1975,270169
Guatemala,GTM,1976,275756
Guatemala,GTM,1977,280992
Guatemala,GTM,1978,286924
Guatemala,GTM,1979,293549
Guatemala,GTM,1980,300936
Guatemala,GTM,1981,307074
Guatemala,GTM,1982,312547
Guatemala,GTM,1983,317489
Guatemala,GTM,1984,319389
Guatemala,GTM,1985,322733
Guatemala,GTM,1986,329176
Guatemala,GTM,1987,337857
Guatemala,GTM,1988,347598
Guatemala,GTM,1989,354068
Guatemala,GTM,1990,359438
Guatemala,GTM,1991,364033
Guatemala,GTM,1992,370052
Guatemala,GTM,1993,377256
Guatemala,GTM,1994,384161
Guatemala,GTM,1995,389365
Guatemala,GTM,1996,393124
Guatemala,GTM,1997,396352
Guatemala,GTM,1998,399995
Guatemala,GTM,1999,402371
Guatemala,GTM,2000,406001
Guatemala,GTM,2001,408833
Guatemala,GTM,2002,407419
Guatemala,GTM,2003,406709
Guatemala,GTM,2004,406322
Guatemala,GTM,2005,402792
Guatemala,GTM,2006,401350
Guatemala,GTM,2007,401667
Guatemala,GTM,2008,399639
Guatemala,GTM,2009,400873
Guatemala,GTM,2010,403407
Guatemala,GTM,2011,407013
Guatemala,GTM,2012,410910
Guatemala,GTM,2013,411093
Guatemala,GTM,2014,415053
Guatemala,GTM,2015,418818
Guatemala,GTM,2016,422285
Guatemala,GTM,2017,417021
Guatemala,GTM,2018,409597
Guatemala,GTM,2019,394906
Guatemala,GTM,2020,382615
Guatemala,GTM,2021,376735
Guatemala,GTM,2022,375923
Guatemala,GTM,2023,377167
Guatemala,GTM,2024,379512
Haiti,HTI,1950,151714
Haiti,HTI,1951,152796
Haiti,HTI,1952,154178
Haiti,HTI,1953,155482
Haiti,HTI,1954,156851
Haiti,HTI,1955,158766
Haiti,HTI,1956,160606
Haiti,HTI,1957,161672
Haiti,HTI,1958,163652
Haiti,HTI,1959,165737
Haiti,HTI,1960,167364
Haiti,HTI,1961,169721
Haiti,HTI,1962,172102
Haiti,HTI,1963,174564
Haiti,HTI,1964,176867
Haiti,HTI,1965,178715
Haiti,HTI,1966,180708
Haiti,HTI,1967,182616
Haiti,HTI,1968,184857
Haiti,HTI,1969,186906
Haiti,HTI,1970,189276
Haiti,HTI,1971,192446
Haiti,HTI,1972,195972
Haiti,HTI,1973,199111
Haiti,HTI,1974,202630
Haiti,HTI,1975,205976
Haiti,HTI,1976,209253
Haiti,HTI,1977,212543
Haiti,HTI,1978,215603
Haiti,HTI,1979,218538
Haiti,HTI,1980,221862
Haiti,HTI,1981,225128
Haiti,HTI,1982,229082
Haiti,HTI,1983,232695
Haiti,HTI,1984,236950
Haiti,HTI,1985,241508
Haiti,HTI,1986,245984
Haiti,HTI,1987,250348
Haiti,HTI,1988,255060
Haiti,HTI,1989,258516
Haiti,HTI,1990,262167
Haiti,HTI,1991,262694
Haiti,HTI,1992,262850
Haiti,HTI,1993,262420
Haiti,HTI,1994,262515
Haiti,HTI,1995,262697
Haiti,HTI,1996,263180
Haiti,HTI,1997,263661
Haiti,HTI,1998,263664
Haiti,HTI,1999,264329
Haiti,HTI,2000,266970
Haiti,HTI,2001,264483
Haiti,HTI,2002,263154
Haiti,HTI,2003,264233
Haiti,HTI,2004,264117
Haiti,HTI,2005,264206
Haiti,HTI,2006,266186
Haiti,HTI,2007,267607
Haiti,HTI,2008,269555
Haiti,HTI,2009,271900
Haiti,HTI,2010,271749
Haiti,HTI,2011,271233
Haiti,HTI,2012,268713
Haiti,HTI,2013,266448
Haiti,HTI,2014,267118
Haiti,HTI,2015,267758
Haiti,HTI,2016,267875
Haiti,HTI,2017,266599
Haiti,HTI,2018,265528
Haiti,HTI,2019,264011
Haiti,HTI,2020,262412
Haiti,HTI,2021,260695
Haiti,HTI,2022,259375
Haiti,HTI,2023,258348
Haiti,HTI,2024,258340
Honduras,HND,1950,81841
Honduras,HND,1951,83884
Honduras,HND,1952,86045
Honduras,HND,1953,88183
Honduras,HND,1954,90279
Honduras,HND,1955,92324
Honduras,HND,1956,94312
Honduras,HND,1957,96243
Honduras,HND,1958,98133
Honduras,HND,1959,100022
Honduras,HND,1960,101946
Honduras,HND,1961,103952
Honduras,HND,1962,105967
Honduras,HND,1963,108190
Honduras,HND,1964,110650
Honduras,HND,1965,113342
Honduras,HND,1966,115795
Honduras,HND,1967,118221
Honduras,HND,1968,120876
Honduras,HND,1969,123868
Honduras,HND,1970,127309
Honduras,HND,1971,130877
Honduras,HND,1972,134732
Honduras,HND,1973,138352
Honduras,HND,1974,142009
Honduras,HND,1975,147037
Honduras,HND,1976,151552
Honduras,HND,1977,155373
Honduras,HND,1978,158810
Honduras,HND,1979,162234
Honduras,HND,1980,165143
Honduras,HND,1981,167899
Honduras,HND,1982,170531
Honduras,HND,1983,173091
Honduras,HND,1984,175418
Honduras,HND,1985,177810
Honduras,HND,1986,180131
Honduras,HND,1987,182399
Honduras,HND,1988,184943
Honduras,HND,1989,187637
Honduras,HND,1990,191529
Honduras,HND,1991,195601
Honduras,HND,1992,199984
Honduras,HND,1993,204233
Honduras,HND,1994,207916
Honduras,HND,1995,211545
Honduras,HND,1996,214199
Honduras,HND,1997,216451
Honduras,HND,1998,218839
Honduras,HND,1999,221215
Honduras,HND,2000,224798
Honduras,HND,2001,225424
Honduras,HND,2002,224644
Honduras,HND,2003,223226
Honduras,HND,2004,222525
Honduras,HND,2005,221456
Honduras,HND,2006,220077
Honduras,HND,2007,220265
Honduras,HND,2008,220548
Honduras,HND,2009,220803
Honduras,HND,2010,220160
Honduras,HND,2011,220138
Honduras,HND,2012,220540
Honduras,HND,2013,220481
Honduras,HND,2014,221033
Honduras,HND,2015,222474
Honduras,HND,2016,224051
Honduras,HND,2017,225361
Honduras,HND,2018,228432
Honduras,HND,2019,229805
Honduras,HND,2020,230759
Honduras,HND,2021,231824
Honduras,HND,2022,232735
Honduras,HND,2023,233793
Honduras,HND,2024,234369
Mexico,MEX,1950,1358501
Mexico,MEX,1951,1392106
Mexico,MEX,1952,1423352
Mexico,MEX,1953,1454762
Mexico,MEX,1954,1488719
Mexico,MEX,1955,1518148
Mexico,MEX,1956,1555301
Mexico,MEX,1957,1593585
Mexico,MEX,1958,1632173
Mexico,MEX,1959,1674239
Mexico,MEX,1960,1720841
Mexico,MEX,1961,1771461
Mexico,MEX,1962,1830989
Mexico,MEX,1963,1891461
Mexico,MEX,1964,1953005
Mexico,MEX,1965,2009445
Mexico,MEX,1966,2064587
Mexico,MEX,1967,2117698
Mexico,MEX,1968,2174336
Mexico,MEX,1969,2220303
Mexico,MEX,1970,2262194
Mexico,MEX,1971,2298485
Mexico,MEX,1972,2325398
Mexico,MEX,1973,2345003
Mexico,MEX,1974,2360201
Mexico,MEX,1975,2362842
Mexico,MEX,1976,2368587
Mexico,MEX,1977,2375515
Mexico,MEX,1978,2391699
Mexico,MEX,1979,2375168
Mexico,MEX,1980,2357249
Mexico,MEX,1981,2366047
Mexico,MEX,1982,2384613
Mexico,MEX,1983,2404958
Mexico,MEX,1984,2431036
Mexico,MEX,1985,2457437
Mexico,MEX,1986,2474374
Mexico,MEX,1987,2451637
Mexico,MEX,1988,2424955
Mexico,MEX,1989,2427819
Mexico,MEX,1990,2436563
Mexico,MEX,1991,2454813
Mexico,MEX,1992,2469586
Mexico,MEX,1993,2478574
Mexico,MEX,1994,2476391
Mexico,MEX,1995,2458900
Mexico,MEX,1996,2442339
Mexico,MEX,1997,2421231
Mexico,MEX,1998,2400525
Mexico,MEX,1999,2392938
Mexico,MEX,2000,2385977
Mexico,MEX,2001,2380261
Mexico,MEX,2002,2374140
Mexico,MEX,2003,2351177
Mexico,MEX,2004,2335226
Mexico,MEX,2005,2318498
Mexico,MEX,2006,2303997
Mexico,MEX,2007,2296268
Mexico,MEX,2008,2297950
Mexico,MEX,2009,2303532
Mexico,MEX,2010,2310124
Mexico,MEX,2011,2315793
Mexico,MEX,2012,2319451
Mexico,MEX,2013,2314458
Mexico,MEX,2014,2270937
Mexico,MEX,2015,2206765
Mexico,MEX,2016,2162620
Mexico,MEX,2017,2124252
Mexico,MEX,2018,2122316
Mexico,MEX,2019,2122565
Mexico,MEX,2020,2100438
Mexico,MEX,2021,2087487
Mexico,MEX,2022,2063075
Mexico,MEX,2023,2037689
Mexico,MEX,2024,2023623
Nicaragua,NIC,1950,72046
Nicaragua,NIC,1951,73522
Nicaragua,NIC,1952,74802
Nicaragua,NIC,1953,76347
Nicaragua,NIC,1954,78022
Nicaragua,NIC,1955,79841
Nicaragua,NIC,1956,81692
Nicaragua,NIC,1957,83564
Nicaragua,NIC,1958,85437
Nicaragua,NIC,1959,87331
Nicaragua,NIC,1960,89194
Nicaragua,NIC,1961,90609
Nicaragua,NIC,1962,92563
Nicaragua,NIC,1963,94581
Nicaragua,NIC,1964,96847
Nicaragua,NIC,1965,99217
Nicaragua,NIC,1966,101741
Nicaragua,NIC,1967,104473
Nicaragua,NIC,1968,107377
Nicaragua,NIC,1969,110374
Nicaragua,NIC,1970,113517
Nicaragua,NIC,1971,116881
Nicaragua,NIC,1972,120068
Nicaragua,NIC,1973,122881
Nicaragua,NIC,1974,126099
Nicaragua,NIC,1975,129176
Nicaragua,NIC,1976,132435
Nicaragua,NIC,1977,135612
Nicaragua,NIC,1978,138158
Nicaragua,NIC,1979,141078
Nicaragua,NIC,1980,143280
Nicaragua,NIC,1981,145244
Nicaragua,NIC,1982,147289
Nicaragua,NIC,1983,148531
Nicaragua,NIC,1984,149648
Nicaragua,NIC,1985,150497
Nicaragua,NIC,1986,151188
Nicaragua,NIC,1987,151821
Nicaragua,NIC,1988,152641
Nicaragua,NIC,1989,152588
Nicaragua,NIC,1990,152547
Nicaragua,NIC,1991,152690
Nicaragua,NIC,1992,151914
Nicaragua,NIC,1993,150864
Nicaragua,NIC,1994,149590
Nicaragua,NIC,1995,148254
Nicaragua,NIC,1996,146634
Nicaragua,NIC,1997,144371
Nicaragua,NIC,1998,142619
Nicaragua,NIC,1999,141101
Nicaragua,NIC,2000,140057
Nicaragua,NIC,2001,137546
Nicaragua,NIC,2002,135342
Nicaragua,NIC,2003,135094
Nicaragua,NIC,2004,135380
Nicaragua,NIC,2005,136819
Nicaragua,NIC,2006,137789
Nicaragua,NIC,2007,138398
Nicaragua,NIC,2008,138818
Nicaragua,NIC,2009,139213
Nicaragua,NIC,2010,139679
Nicaragua,NIC,2011,139419
Nicaragua,NIC,2012,139361
Nicaragua,NIC,2013,138841
Nicaragua,NIC,2014,138535
Nicaragua,NIC,2015,138051
Nicaragua,NIC,2016,137493
Nicaragua,NIC,2017,136727
Nicaragua,NIC,2018,135740
Nicaragua,NIC,2019,134914
Nicaragua,NIC,2020,134259
Nicaragua,NIC,2021,133188
Nicaragua,NIC,2022,132560
Nicaragua,NIC,2023,132214
Nicaragua,NIC,2024,132383
Panama,PAN,1950,34787
Panama,PAN,1951,35770
Panama,PAN,1952,36845
Panama,PAN,1953,37982
Panama,PAN,1954,38898
Panama,PAN,1955,39893
Panama,PAN,1956,40961
Panama,PAN,1957,42106
Panama,PAN,1958,43277
Panama,PAN,1959,44699
Panama,PAN,1960,46238
Panama,PAN,1961,47872
Panama,PAN,1962,49345
Panama,PAN,1963,50782
Panama,PAN,1964,51856
Panama,PAN,1965,52799
Panama,PAN,1966,53765
Panama,PAN,1967,54478
Panama,PAN,1968,55101
Panama,PAN,1969,55729
Panama,PAN,1970,56535
Panama,PAN,1971,57180
Panama,PAN,1972,57527
Panama,PAN,1973,57588
Panama,PAN,1974,57695
Panama,PAN,1975,57682
Panama,PAN,1976,57722
Panama,PAN,1977,57795
Panama,PAN,1978,58025
Panama,PAN,1979,58707
Panama,PAN,1980,59476
Panama,PAN,1981,60498
Panama,PAN,1982,61605
Panama,PAN,1983,62793
Panama,PAN,1984,63480
Panama,PAN,1985,63845
Panama,PAN,1986,64197
Panama,PAN,1987,64433
Panama,PAN,1988,64750
Panama,PAN,1989,65357
Panama,PAN,1990,65894
Panama,PAN,1991,65837
Panama,PAN,1992,66211
Panama,PAN,1993,66692
Panama,PAN,1994,67232
Panama,PAN,1995,67842
Panama,PAN,1996,68520
Panama,PAN,1997,69154
Panama,PAN,1998,69788
Panama,PAN,1999,70326
Panama,PAN,2000,70773
Panama,PAN,2001,71276
Panama,PAN,2002,71715
Panama,PAN,2003,72250
Panama,PAN,2004,73308
Panama,PAN,2005,73219
Panama,PAN,2006,73521
Panama,PAN,2007,74220
Panama,PAN,2008,75006
Panama,PAN,2009,75482
Panama,PAN,2010,76140
Panama,PAN,2011,77488
Panama,PAN,2012,77938
Panama,PAN,2013,78114
Panama,PAN,2014,78413
Panama,PAN,2015,78563
Panama,PAN,2016,78547
Panama,PAN,2017,78206
Panama,PAN,2018,77189
Panama,PAN,2019,74406
Panama,PAN,2020,71775
Panama,PAN,2021,71269
Panama,PAN,2022,71463
Panama,PAN,2023,71469
Panama,PAN,2024,71650
Paraguay,PRY,1950,66919
Paraguay,PRY,1951,68135
Paraguay,PRY,1952,69344
Paraguay,PRY,1953,70537
Paraguay,PRY,1954,71739
Paraguay,PRY,1955,72938
Paraguay,PRY,1956,74181
Paraguay,PRY,1957,75502
Paraguay,PRY,1958,76858
Paraguay,PRY,1959,78327
Paraguay,PRY,1960,79901
Paraguay,PRY,1961,81553
Paraguay,PRY,1962,83241
Paraguay,PRY,1963,85059
Paraguay,PRY,1964,86431
Paraguay,PRY,1965,87187
Paraguay,PRY,1966,87430
Paraguay,PRY,1967,87398
Paraguay,PRY,1968,87530
Paraguay,PRY,1969,87806
Paraguay,PRY,1970,88329
Paraguay,PRY,1971,88783
Paraguay,PRY,1972,89427
Paraguay,PRY,1973,90720
Paraguay,PRY,1974,92476
Paraguay,PRY,1975,94020
Paraguay,PRY,1976,96068
Paraguay,PRY,1977,98906
Paraguay,PRY,1978,101696
Paraguay,PRY,1979,105827
Paraguay,PRY,1980,110444
Paraguay,PRY,1981,115660
Paraguay,PRY,1982,119364
Paraguay,PRY,1983,122831
Paraguay,PRY,1984,126231
Paraguay,PRY,1985,129093
Paraguay,PRY,1986,131990
Paraguay,PRY,1987,134159
Paraguay,PRY,1988,136595
Paraguay,PRY,1989,138068
Paraguay,PRY,1990,138982
Paraguay,PRY,1991,140533
Paraguay,PRY,1992,141542
Paraguay,PRY,1993,141361
Paraguay,PRY,1994,141894
Paraguay,PRY,1995,142105
Paraguay,PRY,1996,142063
Paraguay,PRY,1997,141730
Paraguay,PRY,1998,140982
Paraguay,PRY,1999,139734
Paraguay,PRY,2000,137136
Paraguay,PRY,2001,134531
Paraguay,PRY,2002,132104
Paraguay,PRY,2003,130026
Paraguay,PRY,2004,129795
Paraguay,PRY,2005,129227
Paraguay,PRY,2006,128277
Paraguay,PRY,2007,127972
Paraguay,PRY,2008,129050
Paraguay,PRY,2009,129913
Paraguay,PRY,2010,129358
Paraguay,PRY,2011,130732
Paraguay,PRY,2012,133029
Paraguay,PRY,2013,134448
Paraguay,PRY,2014,137388
Paraguay,PRY,2015,139576
Paraguay,PRY,2016,140526
Paraguay,PRY,2017,140500
Paraguay,PRY,2018,140351
Paraguay,PRY,2019,139557
Paraguay,PRY,2020,138917
Paraguay,PRY,2021,138291
Paraguay,PRY,2022,137617
Paraguay,PRY,2023,136778
Paraguay,PRY,2024,136695
Peru,PER,1950,368545
Peru,PER,1951,378702
Peru,PER,1952,389368
Peru,PER,1953,400179
Peru,PER,1954,410851
Peru,PER,1955,421731
Peru,PER,1956,432752
Peru,PER,1957,443894
Peru,PER,1958,455033
Peru,PER,1959,466296
Peru,PER,1960,477302
Peru,PER,1961,488210
Peru,PER,1962,498429
Peru,PER,1963,508101
Peru,PER,1964,518391
Peru,PER,1965,527934
Peru,PER,1966,537244
Peru,PER,1967,547454
Peru,PER,1968,556136
Peru,PER,1969,564590
Peru,PER,1970,572069
Peru,PER,1971,578987
Peru,PER,1972,586043
Peru,PER,1973,592888
Peru,PER,1974,599649
Peru,PER,1975,605313
Peru,PER,1976,611321
Peru,PER,1977,616826
Peru,PER,1978,622811
Peru,PER,1979,628723
Peru,PER,1980,633522
Peru,PER,1981,639228
Peru,PER,1982,646096
Peru,PER,1983,654265
Peru,PER,1984,661413
Peru,PER,1985,668853
Peru,PER,1986,674789
Peru,PER,1987,678790
Peru,PER,1988,682988
Peru,PER,1989,685118
Peru,PER,1990,685187
Peru,PER,1991,683763
Peru,PER,1992,679324
Peru,PER,1993,674287
Peru,PER,1994,668055
Peru,PER,1995,661279
Peru,PER,1996,653866
Peru,PER,1997,647093
Peru,PER,1998,641365
Peru,PER,1999,637206
Peru,PER,2000,633999
Peru,PER,2001,620939
Peru,PER,2002,616690
Peru,PER,2003,615873
Peru,PER,2004,623654
Peru,PER,2005,620739
Peru,PER,2006,618081
Peru,PER,2007,611857
Peru,PER,2008,600453
Peru,PER,2009,590770
Peru,PER,2010,578360
Peru,PER,2011,578746
Peru,PER,2012,567669
Peru,PER,2013,561167
Peru,PER,2014,553109
Peru,PER,2015,546658
Peru,PER,2016,542161
Peru,PER,2017,540470
Peru,PER,2018,540020
Peru,PER,2019,546866
Peru,PER,2020,545443
Peru,PER,2021,543689
Peru,PER,2022,541718
Peru,PER,2023,539623
Peru,PER,2024,538952
Uruguay,URY,1950,46859
Uruguay,URY,1951,47581
Uruguay,URY,1952,48526
Uruguay,URY,1953,49515
Uruguay,URY,1954,50538
Uruguay,URY,1955,51107
Uruguay,URY,1956,52349
Uruguay,URY,1957,53126
Uruguay,URY,1958,53929
Uruguay,URY,1959,54469
Uruguay,URY,1960,55145
Uruguay,URY,1961,55888
Uruguay,URY,1962,56601
Uruguay,URY,1963,57224
Uruguay,URY,1964,56991
Uruguay,URY,1965,56726
Uruguay,URY,1966,56464
Uruguay,URY,1967,55921
Uruguay,URY,1968,55776
Uruguay,URY,1969,55829
Uruguay,URY,1970,55983
Uruguay,URY,1971,55993
Uruguay,URY,1972,56415
Uruguay,URY,1973,58017
Uruguay,URY,1974,60347
Uruguay,URY,1975,61802
Uruguay,URY,1976,61829
Uruguay,URY,1977,60056
Uruguay,URY,1978,58925
Uruguay,URY,1979,56841
Uruguay,URY,1980,54629
Uruguay,URY,1981,53800
Uruguay,URY,1982,53651
Uruguay,URY,1983,53423
Uruguay,URY,1984,53379
Uruguay,URY,1985,53639
Uruguay,URY,1986,53968
Uruguay,URY,1987,54701
Uruguay,URY,1988,55479
Uruguay,URY,1989,55742
Uruguay,URY,1990,55664
Uruguay,URY,1991,55574
Uruguay,URY,1992,55526
Uruguay,URY,1993,55455
Uruguay,URY,1994,56276
Uruguay,URY,1995,56114
Uruguay,URY,1996,55527
Uruguay,URY,1997,54878
Uruguay,URY,1998,53676
Uruguay,URY,1999,53307
Uruguay,URY,2000,52104
Uruguay,URY,2001,51388
Uruguay,URY,2002,51296
Uruguay,URY,2003,50121
Uruguay,URY,2004,49503
Uruguay,URY,2005,49602
Uruguay,URY,2006,48781
Uruguay,URY,2007,48151
Uruguay,URY,2008,47714
Uruguay,URY,2009,47428
Uruguay,URY,2010,47277
Uruguay,URY,2011,46748
Uruguay,URY,2012,47390
Uruguay,URY,2013,47959
Uruguay,URY,2014,47778
Uruguay,URY,2015,48169
Uruguay,URY,2016,46383
Uruguay,URY,2017,43058
Uruguay,URY,2018,39673
Uruguay,URY,2019,37009
Uruguay,URY,2020,35383
Uruguay,URY,2021,34209
Uruguay,URY,2022,33767
Uruguay,URY,2023,33443
Uruguay,URY,2024,33196
Venezuela,VEN,1950,256888
Venezuela,VEN,1951,270625
Venezuela,VEN,1952,283875
Venezuela,VEN,1953,296505
Venezuela,VEN,1954,308649
Venezuela,VEN,1955,320539
Venezuela,VEN,1956,331956
Venezuela,VEN,1957,344006
Venezuela,VEN,1958,354848
Venezuela,VEN,1959,359456
Venezuela,VEN,1960,366982
Venezuela,VEN,1961,373263
Venezuela,VEN,1962,380407
Venezuela,VEN,1963,387212
Venezuela,VEN,1964,393750
Venezuela,VEN,1965,400125
Venezuela,VEN,1966,406117
Venezuela,VEN,1967,411706
Venezuela,VEN,1968,417011
Venezuela,VEN,1969,421868
Venezuela,VEN,1970,426622
Venezuela,VEN,1971,431319
Venezuela,VEN,1972,437167
Venezuela,VEN,1973,445160
Venezuela,VEN,1974,453131
Venezuela,VEN,1975,462640
Venezuela,VEN,1976,472702
Venezuela,VEN,1977,482872
Venezuela,VEN,1978,492296
Venezuela,VEN,1979,501503
Venezuela,VEN,1980,508604
Venezuela,VEN,1981,515020
Venezuela,VEN,1982,520490
Venezuela,VEN,1983,527148
Venezuela,VEN,1984,534576
Venezuela,VEN,1985,542016
Venezuela,VEN,1986,554481
Venezuela,VEN,1987,562353
Venezuela,VEN,1988,568100
Venezuela,VEN,1989,571397
Venezuela,VEN,1990,573673
Venezuela,VEN,1991,574993
Venezuela,VEN,1992,575173
Venezuela,VEN,1993,575438
Venezuela,VEN,1994,575683
Venezuela,VEN,1995,576088
Venezuela,VEN,1996,577510
Venezuela,VEN,1997,579619
Venezuela,VEN,1998,581417
Venezuela,VEN,1999,583139
Venezuela,VEN,2000,580823
Venezuela,VEN,2001,589494
Venezuela,VEN,2002,592205
Venezuela,VEN,2003,593958
Venezuela,VEN,2004,590562
Venezuela,VEN,2005,599288
Venezuela,VEN,2006,601788
Venezuela,VEN,2007,594792
Venezuela,VEN,2008,590754
Venezuela,VEN,2009,584536
Venezuela,VEN,2010,584225
Venezuela,VEN,2011,589462
Venezuela,VEN,2012,589311
Venezuela,VEN,2013,582538
Venezuela,VEN,2014,576499
Venezuela,VEN,2015,568795
Venezuela,VEN,2016,561841
Venezuela,VEN,2017,548064
Venezuela,VEN,2018,516556
Venezuela,VEN,2019,471676
Venezuela,VEN,2020,442091
Venezuela,VEN,2021,429761
Venezuela,VEN,2022,423888
Venezuela,VEN,2023,426984
Venezuela,VEN,2024,432648
